28968|A-Mobile, Abkhazia
28967|Aquafon, Abkhazia
41288|Afghan Telecom Corp. (AT), Afghanistan
41280|Afghan Telecom Corp. (AT), Afghanistan
41201|Afghan Wireless/AWCC, Afghanistan
41240|Areeba/MTN, Afghanistan
41230|Etisalat, Afghanistan
41250|Etisalat, Afghanistan
41220|Roshan/TDCA, Afghanistan
41203|WaselTelecom (WT), Afghanistan
27601|AMC/Cosmote, Albania
27603|Eagle Mobile, Albania
27604|PLUS Communication Sh.a, Albania
27602|Vodafone, Albania
60301|ATM Mobils, Algeria
60302|Orascom / DJEZZY, Algeria
60303|Oreedo/Wataniya / Nedjma, Algeria
54411|Blue Sky Communications, American Samoa
21303|Mobiland, Andorra
63104|MoviCel, Angola
63102|Unitel, Angola
365840|Cable and Wireless, Anguilla
36510|Digicell / Wireless Vent. Ltd, Anguilla
34430|APUA PCS, Antigua and Barbuda
344920|C & W, Antigua and Barbuda
344930|DigiCel/Cing. Wireless, Antigua and Barbuda
722310|Claro/ CTI/AMX, Argentina Republic
722330|Claro/ CTI/AMX, Argentina Republic
722320|Claro/ CTI/AMX, Argentina Republic
72210|Compania De Radiocomunicaciones Moviles SA, Argentina Republic
72270|Movistar/Telefonica, Argentina Republic
72220|Nextel, Argentina Republic
722340|Telecom Personal S.A., Argentina Republic
722341|Telecom Personal S.A., Argentina Republic
28301|ArmenTel/Beeline, Armenia
28304|Karabakh Telecom, Armenia
28310|Orange, Armenia
28305|Vivacell, Armenia
36320|Digicel, Aruba
36302|Digicel, Aruba
36301|Setar GSM, Aruba
50514|AAPT Ltd., Australia
50524|Advanced Comm Tech Pty., Australia
50509|Airnet Commercial Australia Ltd.., Australia
50504|Department of Defense, Australia
50526|Dialogue Communications Pty Ltd, Australia
50512|H3G Ltd., Australia
50506|H3G Ltd., Australia
50588|Localstar Holding Pty. Ltd, Australia
50519|Lycamobile Pty Ltd, Australia
50508|Railcorp/Vodafone, Australia
50599|Railcorp/Vodafone, Australia
50513|Railcorp/Vodafone, Australia
50590|Singtel Optus, Australia
50502|Singtel Optus, Australia
50571|Telstra Corp. Ltd., Australia
50501|Telstra Corp. Ltd., Australia
50511|Telstra Corp. Ltd., Australia
50572|Telstra Corp. Ltd., Australia
50505|The Ozitel Network Pty., Australia
50516|Victorian Rail Track Corp. (VicTrack), Australia
50507|Vodafone, Australia
50503|Vodafone, Australia
23211|A1 MobilKom, Austria
23202|A1 MobilKom, Austria
23209|A1 MobilKom, Austria
23201|A1 MobilKom, Austria
23215|T-Mobile/Telering, Austria
23210|H3G, Austria
23214|H3G, Austria
23205|3/Orange/One Connect, Austria
23212|3/Orange/One Connect, Austria
23206|3/Orange/One Connect, Austria
23217|Spusu/Mass Response, Austria
23207|T-Mobile/Telering, Austria
23204|T-Mobile/Telering, Austria
23203|T-Mobile/Telering, Austria
23219|Tele2, Austria
23208|A1 MobilKom, Austria
23213|UPC Austria, Austria
40001|Azercell Telekom B.M., Azerbaijan
40004|Azerfon., Azerbaijan
40003|Caspian American Telecommunications LLC (CATEL), Azerbaijan
40002|J.V. Bakcell GSM 2000, Azerbaijan
36430|Bahamas Telco. Comp., Bahamas
364390|Bahamas Telco. Comp., Bahamas
36439|Bahamas Telco. Comp., Bahamas
36403|Smart Communications, Bahamas
42601|Batelco, Bahrain
42602|ZAIN/Vodafone, Bahrain
42604|VIVA, Bahrain
47002|Robi/Aktel, Bangladesh
47005|Citycell, Bangladesh
47006|Citycell, Bangladesh
47001|GrameenPhone, Bangladesh
47003|Orascom/Banglalink, Bangladesh
47004|TeleTalk, Bangladesh
47007|Airtel/Warid, Bangladesh
342600|LIME, Barbados
342810|Cingular Wireless, Barbados
342750|Digicel, Barbados
34250|Digicel, Barbados
342820|Sunbeach, Barbados
25703|BelCel JV, Belarus
25704|BeST, Belarus
25701|Mobile Digital Communications, Belarus
25702|MTS, Belarus
20620|Base/KPN, Belgium
20601|Belgacom/Proximus, Belgium
20606|Lycamobile Belgium, Belgium
20610|Mobistar/Orange, Belgium
20602|SNCT/NMBS, Belgium
20605|Telenet BidCo NV, Belgium
70267|DigiCell, Belize
70268|International Telco (INTELCO), Belize
61604|Bell Benin/BBCOM, Benin
61602|Etisalat/MOOV, Benin
61605|GloMobile, Benin
61601|Libercom, Benin
61603|MTN/Spacetel, Benin
35000|Bermuda Digital Communications Ltd (BDC), Bermuda
35099|CellOne Ltd, Bermuda
35010|DigiCel / Cingular, Bermuda
35002|M3 Wireless Ltd, Bermuda
35001|Telecommunications (Bermuda & West Indies) Ltd (Digicel Bermuda), Bermuda
40211|B-Mobile, Bhutan
40217|Bhutan Telecom Ltd (BTL), Bhutan
40277|TashiCell, Bhutan
73602|Entel Pcs, Bolivia
73601|Viva/Nuevatel, Bolivia
73603|Tigo, Bolivia
21890|BH Mobile, Bosnia & Herzegov.
21803|Eronet Mobile, Bosnia & Herzegov.
21805|M-Tel, Bosnia & Herzegov.
65204|BeMOBILE, Botswana
65201|Mascom Wireless (Pty) Ltd., Botswana
65202|Orange, Botswana
72412|Claro/Albra/America Movil, Brazil
72438|Claro/Albra/America Movil, Brazil
72405|Claro/Albra/America Movil, Brazil
72401|Vivo S.A./Telemig, Brazil
72433|CTBC Celular SA (CTBC), Brazil
72432|CTBC Celular SA (CTBC), Brazil
72434|CTBC Celular SA (CTBC), Brazil
72408|TIM, Brazil
72439|Nextel (Telet), Brazil
72400|Nextel (Telet), Brazil
72430|Oi (TNL PCS / Oi), Brazil
72431|Oi (TNL PCS / Oi), Brazil
72416|Brazil Telcom, Brazil
72424|Amazonia Celular S/A, Brazil
72454|PORTO SEGURO TELECOMUNICACOES, Brazil
72415|Sercontel Cel, Brazil
72407|CTBC/Triangulo, Brazil
72419|Vivo S.A./Telemig, Brazil
72403|TIM, Brazil
72402|TIM, Brazil
72404|TIM, Brazil
72437|Unicel do Brasil Telecomunicacoes Ltda, Brazil
72406|Vivo S.A./Telemig, Brazil
72423|Vivo S.A./Telemig, Brazil
72411|Vivo S.A./Telemig, Brazil
72410|Vivo S.A./Telemig, Brazil
348570|Caribbean Cellular, British Virgin Islands
348770|Digicel, British Virgin Islands
348170|LIME, British Virgin Islands
52802|b-mobile, Brunei Darussalam
52811|Datastream (DTSCom), Brunei Darussalam
52801|Telekom Brunei Bhd (TelBru), Brunei Darussalam
28406|BTC Mobile EOOD (vivatel), Bulgaria
28403|BTC Mobile EOOD (vivatel), Bulgaria
28405|Telenor/Cosmo/Globul, Bulgaria
28401|MobilTel AD, Bulgaria
61303|TeleCel, Burkina Faso
61301|TeleMob-OnaTel, Burkina Faso
61302|Airtel/ZAIN/CelTel, Burkina Faso
64202|Africel / Safaris, Burundi
64208|Lumitel/Viettel, Burundi
64203|Onatel / Telecel, Burundi
64207|Smart Mobile / LACELL, Burundi
64282|Spacetel / Econet / Leo, Burundi
64201|Spacetel / Econet / Leo, Burundi
45604|Cambodia Advance Communications Co. Ltd (CADCOMMS), Cambodia
45602|Smart Mobile, Cambodia
45608|Metfone, Cambodia
45618|MFone/Camshin/Cellcard, Cambodia
45601|Mobitel/Cam GSM, Cambodia
45603|QB/Cambodia Adv. Comms., Cambodia
45606|Smart Mobile, Cambodia
45605|Smart Mobile, Cambodia
45609|Sotelco/Beeline, Cambodia
62401|MTN, Cameroon
62404|Nextel, Cameroon
62402|Orange, Cameroon
302652|BC Tel Mobility, Canada
302630|Bell Aliant, Canada
302610|Bell Mobility, Canada
302651|Bell Mobility, Canada
302670|CityWest Mobility, Canada
302360|Clearnet, Canada
302361|Clearnet, Canada
302380|DMTS Mobility, Canada
302710|Globalstar Canada, Canada
302640|Latitude Wireless, Canada
302370|FIDO (Rogers AT&T/ Microcell), Canada
302320|mobilicity, Canada
302702|MT&T Mobility, Canada
302655|MTS Mobility, Canada
302660|MTS Mobility, Canada
302701|NB Tel Mobility, Canada
302703|New Tel Mobility, Canada
302760|Public Mobile, Canada
302657|Quebectel Mobility, Canada
302720|Rogers AT&T Wireless, Canada
302654|Sask Tel Mobility, Canada
302780|Sask Tel Mobility, Canada
302680|Sask Tel Mobility, Canada
302656|Tbay Mobility, Canada
302653|Telus Mobility, Canada
302220|Telus Mobility, Canada
302500|Videotron, Canada
302490|WIND, Canada
62501|CV Movel, Cape Verde
62502|T+ Telecom, Cape Verde
34650|Digicel Cayman Ltd, Cayman Islands
34606|Digicel Ltd., Cayman Islands
346140|LIME / Cable & Wirel., Cayman Islands
62301|Centrafr. Telecom+, Central African Rep.
62304|Nationlink, Central African Rep.
62303|Orange/Celca, Central African Rep.
62302|Telecel Centraf., Central African Rep.
62204|Salam/Sotel, Chad
62202|Tchad Mobile, Chad
62203|Tigo/Milicom/Tchad Mobile, Chad
62201|Airtel/ZAIN/Celtel, Chad
73006|Blue Two Chile SA, Chile
73011|Celupago SA, Chile
73015|Cibeles Telecom SA, Chile
73003|Claro, Chile
73010|Entel Telefonia, Chile
73001|Entel Telefonia Mov, Chile
73014|Netline Telefonica Movil Ltda, Chile
73009|Nextel SA, Chile
73005|Nextel SA, Chile
73004|Nextel SA, Chile
73019|Sociedad Falabella Movil SPA, Chile
73002|TELEFONICA, Chile
73007|TELEFONICA, Chile
73012|Telestar Movil SA, Chile
73000|TESAM SA, Chile
73013|Tribe Mobile SPA, Chile
73008|VTR Banda Ancha SA, Chile
46000|China Mobile GSM, China
46007|China Mobile GSM, China
46002|China Mobile GSM, China
46004|China Space Mobile Satellite Telecommunications Co. Ltd (China Spacecom), China
46005|China Telecom, China
46003|China Telecom, China
46006|China Unicom, China
46001|China Unicom, China
732130|Avantel SAS, Colombia
732102|Movistar, Colombia
732103|TIGO/Colombia Movil, Colombia
73201|TIGO/Colombia Movil, Colombia
732101|Comcel S.A. Occel S.A./Celcaribe, Colombia
73202|Edatel S.A., Colombia
732187|eTb, Colombia
732123|Movistar, Colombia
732111|TIGO/Colombia Movil, Colombia
732142|UNE EPM Telecomunicaciones SA ESP, Colombia
73220|UNE EPM Telecomunicaciones SA ESP, Colombia
732154|Virgin Mobile Colombia SAS, Colombia
65401|HURI - SNPT, Comoros
63090|Africell, Congo, Dem. Rep.
63086|Orange RDC sarl, Congo, Dem. Rep.
63005|SuperCell, Congo, Dem. Rep.
63089|TIGO/Oasis, Congo, Dem. Rep.
63001|Vodacom, Congo, Dem. Rep.
63088|Yozma Timeturns sprl (YTT), Congo, Dem. Rep.
63002|Airtel/ZAIN, Congo, Dem. Rep.
62901|Airtel SA, Congo, Republic
62902|Azur SA (ETC), Congo, Republic
62910|MTN/Libertis, Congo, Republic
62907|Warid, Congo, Republic
54801|Telecom Cook Islands, Cook Islands
71203|Claro, Costa Rica
71202|ICE, Costa Rica
71201|ICE, Costa Rica
71204|Movistar, Costa Rica
71220|Virtualis, Costa Rica
21901|T-Mobile/Cronet, Croatia
21902|Tele2, Croatia
21910|VIPnet d.o.o., Croatia
36801|C-COM, Cuba
36295|EOCG Wireless NV, Curacao
36269|Polycom N.V./ Digicel, Curacao
28010|MTN/Areeba, Cyprus
28020|PrimeTel PLC, Cyprus
28001|Vodafone/CyTa, Cyprus
23008|Compatel s.r.o., Czech Rep.
23002|O2, Czech Rep.
23001|T-Mobile / RadioMobil, Czech Rep.
23005|Travel Telekommunikation s.r.o., Czech Rep.
23004|Ufone, Czech Rep.
23099|Vodafone, Czech Rep.
23003|Vodafone, Czech Rep.
23805|ApS KBUS, Denmark
23823|Banedanmark, Denmark
23828|CoolTEL ApS, Denmark
23806|H3G, Denmark
23812|Lycamobile Ltd, Denmark
23803|Mach Connectivity ApS, Denmark
23807|Mundio Mobile, Denmark
23804|NextGen Mobile Ltd (CardBoardFish), Denmark
23810|TDC Denmark, Denmark
23801|TDC Denmark, Denmark
23877|Telenor/Sonofon, Denmark
23802|Telenor/Sonofon, Denmark
23820|Telia, Denmark
23830|Telia, Denmark
63801|Djibouti Telecom SA (Evatis), Djibouti
366110|C & W, Dominica
36620|Cingular Wireless/Digicel, Dominica
36650|Wireless Ventures (Dominica) Ltd (Digicel Dominica), Dominica
37002|Claro, Dominican Republic
37001|Orange, Dominican Republic
37003|TRIcom, Dominican Republic
37004|Trilogy Dominicana S. A., Dominican Republic
74002|Alegro/Telcsa, Ecuador
74000|MOVISTAR/OteCel, Ecuador
74001|Claro/Porta, Ecuador
60201|Orange/Mobinil, Egypt
60203|ETISALAT, Egypt
60202|Vodafone/Mirsfone, Egypt
70601|CLARO/CTE, El Salvador
70602|Digicel, El Salvador
70605|INTELFON SA de CV, El Salvador
70604|Telefonica, El Salvador
70603|Telemovil, El Salvador
62703|HiTs-GE, Equatorial Guinea
62701|ORANGE/GETESA, Equatorial Guinea
65701|Eritel, Eritrea
24801|EMT GSM, Estonia
24802|Radiolinja Eesti, Estonia
24803|Tele2 Eesti AS, Estonia
24804|Top Connect OU, Estonia
63601|ETH/MTN, Ethiopia
75001|Cable and Wireless South Atlantic Ltd (Falkland Islands, Falkland Islands (Malvinas)
28803|Edge Mobile Sp/F, Faroe Islands
28801|Faroese Telecom, Faroe Islands
28802|Kall GSM, Faroe Islands
54202|DigiCell, Fiji
54201|Vodafone, Fiji
24414|Alands, Finland
24426|Compatel Ltd, Finland
24403|DNA/Finnet, Finland
24413|DNA/Finnet, Finland
24412|DNA/Finnet, Finland
24404|DNA/Finnet, Finland
24421|Elisa/Saunalahti, Finland
24405|Elisa/Saunalahti, Finland
24482|ID-Mobile, Finland
24411|Mundio Mobile (Finland) Ltd, Finland
24409|Nokia Oyj, Finland
24410|TDC Oy Finland, Finland
24491|TeliaSonera, Finland
20827|AFONE SA, France
20892|Association Plate-forme Telecom, France
20828|Astrium, France
20888|Bouygues Telecom, France
20821|Bouygues Telecom, France
20820|Bouygues Telecom, France
20814|Lliad/FREE Mobile, France
20806|GlobalStar, France
20805|GlobalStar, France
20807|GlobalStar, France
20829|Orange, France
20817|Legos - Local Exchange Global Operation Services SA, France
20816|Lliad/FREE Mobile, France
20815|Lliad/FREE Mobile, France
20825|Lycamobile SARL, France
20824|MobiquiThings, France
20803|MobiquiThings, France
20831|Mundio Mobile (France) Ltd, France
20826|NRJ, France
20889|Virgin Mobile/Omer, France
20823|Virgin Mobile/Omer, France
20801|Orange, France
20891|Orange, France
20802|Orange, France
20811|S.F.R., France
20813|S.F.R., France
20810|S.F.R., France
20809|S.F.R., France
20804|SISTEER, France
20800|Tel/Tel, France
20822|Transatel SA, France
34020|Bouygues/DigiCel, French Guiana
34001|Orange Caribe, French Guiana
34002|Outremer Telecom, French Guiana
34011|TelCell GSM, French Guiana
34003|TelCell GSM, French Guiana
54715|Pacific Mobile Telecom (PMT), French Polynesia
54720|Vini/Tikiphone, French Polynesia
62804|Azur/Usan S.A., Gabon
62801|Libertis S.A., Gabon
62802|MOOV/Telecel, Gabon
62803|Airtel/ZAIN/Celtel Gabon S.A., Gabon
60702|Africel, Gambia
60703|Comium, Gambia
60701|Gamcel, Gambia
60704|Q-Cell, Gambia
28201|Geocell Ltd., Georgia
28203|Iberiatel Ltd., Georgia
28202|Magti GSM Ltd., Georgia
28204|MobiTel/Beeline, Georgia
28205|Silknet, Georgia
26217|E-Plus, Germany
26210|DB Netz AG, Germany
262n/a|Debitel, Germany
26277|E-Plus, Germany
26203|E-Plus, Germany
26205|E-Plus, Germany
26212|E-Plus, Germany
26220|E-Plus, Germany
26214|Group 3G UMTS, Germany
26243|Lycamobile, Germany
26213|Mobilcom, Germany
26211|O2, Germany
26208|O2, Germany
26207|O2, Germany
262n/a|Talkline, Germany
26206|T-mobile/Telekom, Germany
26201|T-mobile/Telekom, Germany
26216|Telogic/ViStream, Germany
26209|Vodafone D2, Germany
26204|Vodafone D2, Germany
26202|Vodafone D2, Germany
26242|Vodafone D2, Germany
62004|Expresso Ghana Ltd, Ghana
62007|GloMobile, Ghana
62003|Milicom/Tigo, Ghana
62001|MTN, Ghana
62002|Vodafone, Ghana
62006|Airtel/ZAIN, Ghana
26606|CTS Mobile, Gibraltar
26609|eazi telecom, Gibraltar
26601|Gibtel GSM, Gibraltar
20207|AMD Telecom SA, Greece
20201|Cosmote, Greece
20202|Cosmote, Greece
20214|CyTa Mobile, Greece
20204|Organismos Sidirodromon Ellados (OSE), Greece
20203|OTE Hellenic Telecommunications Organization SA, Greece
20210|Tim/Wind, Greece
20209|Tim/Wind, Greece
20205|Vodafone, Greece
29001|Tele Greenland, Greenland
352110|Cable & Wireless, Grenada
35230|Digicel, Grenada
35250|Digicel, Grenada
34008|Dauphin Telecom SU (Guadeloupe Telecom), Guadeloupe
34010|, Guadeloupe
310370|Docomo, Guam
310470|Docomo, Guam
310140|GTA Wireless, Guam
31033|Guam Teleph. Auth., Guam
31032|IT&E OverSeas, Guam
311250|Wave Runner LLC, Guam
70401|Claro, Guatemala
70403|Telefonica, Guatemala
70402|TIGO/COMCEL, Guatemala
61104|MTN/Areeba, Guinea
61105|Celcom, Guinea
61103|Intercel, Guinea
61101|Orange/Sonatel/Spacetel, Guinea
61102|SotelGui, Guinea
63201|GuineTel, Guinea-Bissau
63203|Orange, Guinea-Bissau
63202|SpaceTel, Guinea-Bissau
73802|Cellink Plus, Guyana
73801|DigiCel, Guyana
37201|Comcel, Haiti
37202|Digicel, Haiti
37203|National Telecom SA (NatCom), Haiti
70840|Digicel, Honduras
70830|HonduTel, Honduras
70801|SERCOM/CLARO, Honduras
70802|Telefonica/CELTEL, Honduras
45413|China Mobile/Peoples, Hongkong, China
45428|China Mobile/Peoples, Hongkong, China
45412|China Mobile/Peoples, Hongkong, China
45409|China Motion, Hongkong, China
45407|China Unicom Ltd, Hongkong, China
45411|China-HongKong Telecom Ltd (CHKTL), Hongkong, China
45401|Citic Telecom Ltd., Hongkong, China
45400|CSL Ltd., Hongkong, China
45418|CSL Ltd., Hongkong, China
45402|CSL Ltd., Hongkong, China
45410|CSL/New World PCS Ltd., Hongkong, China
45414|H3G/Hutchinson, Hongkong, China
45405|H3G/Hutchinson, Hongkong, China
45404|H3G/Hutchinson, Hongkong, China
45403|H3G/Hutchinson, Hongkong, China
45419|HKT/PCCW, Hongkong, China
45420|HKT/PCCW, Hongkong, China
45429|HKT/PCCW, Hongkong, China
45416|HKT/PCCW, Hongkong, China
45447|shared by private TETRA systems, Hongkong, China
45440|shared by private TETRA systems, Hongkong, China
45408|Truephone, Hongkong, China
45417|Vodafone/SmarTone, Hongkong, China
45415|Vodafone/SmarTone, Hongkong, China
45406|Vodafone/SmarTone, Hongkong, China
21601|Pannon/Telenor, Hungary
21630|T-mobile/Magyar, Hungary
21671|UPC Magyarorszag Kft., Hungary
21670|Vodafone, Hungary
27409|Amitelo, Iceland
27407|IceCell, Iceland
27408|Siminn, Iceland
27401|Siminn, Iceland
27411|NOVA, Iceland
27404|VIKING/IMC, Iceland
27405|Vodafone/Tal hf, Iceland
27402|Vodafone/Tal hf, Iceland
27403|Vodafone/Tal hf, Iceland
40433|Aircel, India
40429|Aircel, India
40428|Aircel, India
40425|Aircel, India
40417|Aircel, India
40442|Aircel, India
40401|Aircel Digilink India, India
40415|Aircel Digilink India, India
40460|Aircel Digilink India, India
40553|AirTel, India
40486|Barakhamba Sales & Serv., India
40413|Barakhamba Sales & Serv., India
40438|BSNL, India
40457|BSNL, India
40480|BSNL, India
40473|BSNL, India
40434|BSNL, India
40466|BSNL, India
40455|BSNL, India
40472|BSNL, India
40477|BSNL, India
40464|BSNL, India
40454|BSNL, India
40471|BSNL, India
40476|BSNL, India
40462|BSNL, India
40453|BSNL, India
40459|BSNL, India
40475|BSNL, India
40451|BSNL, India
40458|BSNL, India
40481|BSNL, India
40474|BSNL, India
40410|Bharti Airtel Limited (Delhi), India
40445|Bharti Airtel Limited (Karnataka) (India), India
40479|CellOne A&N, India
40488|Escorts Telecom Ltd., India
40487|Escorts Telecom Ltd., India
40482|Escorts Telecom Ltd., India
40489|Escorts Telecom Ltd., India
40412|Escotel Mobile Communications, India
40419|Escotel Mobile Communications, India
40456|Escotel Mobile Communications, India
40505|Fascel Limited, India
40405|Fascel, India
40470|Hexacom India, India
40416|Hexcom India, India
40424|Idea Cellular Ltd., India
40422|Idea Cellular Ltd., India
40478|Idea Cellular Ltd., India
40407|Idea Cellular Ltd., India
40404|Idea Cellular Ltd., India
40469|Mahanagar Telephone Nigam, India
40468|Mahanagar Telephone Nigam, India
40483|Reliable Internet Services, India
40436|Reliance Telecom Private, India
40452|Reliance Telecom Private, India
40450|Reliance Telecom Private, India
40467|Reliance Telecom Private, India
40418|Reliance Telecom Private, India
40485|Reliance Telecom Private, India
40409|Reliance Telecom Private, India
40441|RPG Cellular, India
40414|Spice, India
40444|Spice, India
40411|Sterling Cellular Ltd., India
40534|TATA / Karnataka, India
40430|Usha Martin Telecom, India
51008|Axis/Natrindo, Indonesia
51099|Esia (PT Bakrie Telecom) (CDMA), Indonesia
51007|Flexi (PT Telkom) (CDMA), Indonesia
51089|H3G CP, Indonesia
51021|Indosat/Satelindo/M3, Indonesia
51001|Indosat/Satelindo/M3, Indonesia
51000|PT Pasifik Satelit Nusantara (PSN), Indonesia
51027|PT Sampoerna Telekomunikasi Indonesia (STI), Indonesia
51028|PT Smartfren Telecom Tbk, Indonesia
51009|PT Smartfren Telecom Tbk, Indonesia
51011|PT. Excelcom, Indonesia
51010|Telkomsel, Indonesia
90113|Antarctica, International Networks
43219|Mobile Telecommunications Company of Esfahan JV-PJS (MTCE), Iran
43270|MTCE, Iran
43235|MTN/IranCell, Iran
43220|Rightel, Iran
43232|Taliya, Iran
43211|MCI/TCI, Iran
43214|TKC/KFZO, Iran
41805|Asia Cell, Iraq
41892|Itisaluna and Kalemat, Iraq
41882|Korek, Iraq
41840|Korek, Iraq
41845|Mobitel (Iraq-Kurdistan) and Moutiny, Iraq
41820|ZAIN/Atheer/Orascom, Iraq
41830|Orascom Telecom, Iraq
41808|Sanatel, Iraq
27204|Access Telecom Ltd., Ireland
27209|Clever Communications Ltd, Ireland
27207|eircom Ltd, Ireland
27205|Three/H3G, Ireland
27211|Tesco Mobile/Liffey Telecom, Ireland
27213|Lycamobile, Ireland
27203|Meteor Mobile Ltd., Ireland
27202|Three/O2/Digifone, Ireland
27201|Vodafone Eircell, Ireland
42514|Alon Cellular Ltd, Israel
42502|Cellcom ltd., Israel
42508|Golan Telekom, Israel
42515|Home Cellular Ltd, Israel
42577|Hot Mobile/Mirs, Israel
42507|Hot Mobile/Mirs, Israel
42501|Orange/Partner Co. Ltd., Israel
42512|Pelephone, Israel
42503|Pelephone, Israel
42516|Rami Levy Hashikma Marketing Communications Ltd, Israel
42519|Telzar/AZI, Israel
22234|BT Italia SpA, Italy
22202|Elsacom, Italy
22208|Fastweb SpA, Italy
22200|Fix Line, Italy
22299|Hi3G, Italy
22277|IPSE 2000, Italy
22235|Lycamobile Srl, Italy
22207|Noverca Italia Srl, Italy
22233|PosteMobile SpA, Italy
22200|Premium Number(s), Italy
22230|RFI Rete Ferroviaria Italiana SpA, Italy
22248|Telecom Italia Mobile SpA, Italy
22243|Telecom Italia Mobile SpA, Italy
22201|TIM, Italy
22210|Vodafone, Italy
22206|Vodafone, Italy
22200|VOIP Line, Italy
22244|WIND (Blu) -, Italy
22288|WIND (Blu) -, Italy
61207|Aircomm SA, Ivory Coast
61202|Atlantik Tel./Moov, Ivory Coast
61204|Comium, Ivory Coast
61201|Comstar, Ivory Coast
61205|MTN, Ivory Coast
61203|Orange, Ivory Coast
61206|OriCell, Ivory Coast
338110|Cable & Wireless, Jamaica
33820|Cable & Wireless, Jamaica
338180|Cable & Wireless, Jamaica
33850|DIGICEL/Mossel, Jamaica
44000|Y-Mobile, Japan
44088|KDDI Corporation, Japan
44050|KDDI Corporation, Japan
44074|KDDI Corporation, Japan
44070|KDDI Corporation, Japan
44089|KDDI Corporation, Japan
44051|KDDI Corporation, Japan
44075|KDDI Corporation, Japan
44056|KDDI Corporation, Japan
44170|KDDI Corporation, Japan
44052|KDDI Corporation, Japan
44076|KDDI Corporation, Japan
44071|KDDI Corporation, Japan
44053|KDDI Corporation, Japan
44077|KDDI Corporation, Japan
44008|KDDI Corporation, Japan
44072|KDDI Corporation, Japan
44054|KDDI Corporation, Japan
44079|KDDI Corporation, Japan
44007|KDDI Corporation, Japan
44073|KDDI Corporation, Japan
44055|KDDI Corporation, Japan
44010|NTT Docomo, Japan
44062|NTT Docomo, Japan
44039|NTT Docomo, Japan
44030|NTT Docomo, Japan
44024|NTT Docomo, Japan
44145|NTT Docomo, Japan
44142|NTT Docomo, Japan
44068|NTT Docomo, Japan
44015|NTT Docomo, Japan
44198|NTT Docomo, Japan
44011|NTT Docomo, Japan
44063|NTT Docomo, Japan
44038|NTT Docomo, Japan
44026|NTT Docomo, Japan
44023|NTT Docomo, Japan
44001|NTT Docomo, Japan
44021|NTT Docomo, Japan
44144|NTT Docomo, Japan
44013|NTT Docomo, Japan
44034|NTT Docomo, Japan
44069|NTT Docomo, Japan
44016|NTT Docomo, Japan
44199|NTT Docomo, Japan
44064|NTT Docomo, Japan
44037|NTT Docomo, Japan
44025|NTT Docomo, Japan
44002|NTT Docomo, Japan
44022|NTT Docomo, Japan
44143|NTT Docomo, Japan
44027|NTT Docomo, Japan
44031|NTT Docomo, Japan
44087|NTT Docomo, Japan
44017|NTT Docomo, Japan
44065|NTT Docomo, Japan
44036|NTT Docomo, Japan
44192|NTT Docomo, Japan
44003|NTT Docomo, Japan
44012|NTT Docomo, Japan
44058|NTT Docomo, Japan
44028|NTT Docomo, Japan
44032|NTT Docomo, Japan
44061|NTT Docomo, Japan
44018|NTT Docomo, Japan
44191|NTT Docomo, Japan
44140|NTT Docomo, Japan
44066|NTT Docomo, Japan
44035|NTT Docomo, Japan
44193|NTT Docomo, Japan
44009|NTT Docomo, Japan
44049|NTT Docomo, Japan
44029|NTT Docomo, Japan
44033|NTT Docomo, Japan
44060|NTT Docomo, Japan
44019|NTT Docomo, Japan
44190|NTT Docomo, Japan
44141|NTT Docomo, Japan
44067|NTT Docomo, Japan
44014|NTT Docomo, Japan
44194|NTT Docomo, Japan
44099|NTT Docomo, Japan
44078|Okinawa Cellular Telephone, Japan
44162|SoftBank Mobile Corp, Japan
44045|SoftBank Mobile Corp, Japan
44020|SoftBank Mobile Corp, Japan
44096|SoftBank Mobile Corp, Japan
44040|SoftBank Mobile Corp, Japan
44163|SoftBank Mobile Corp, Japan
44047|SoftBank Mobile Corp, Japan
44095|SoftBank Mobile Corp, Japan
44041|SoftBank Mobile Corp, Japan
44164|SoftBank Mobile Corp, Japan
44046|SoftBank Mobile Corp, Japan
44097|SoftBank Mobile Corp, Japan
44042|SoftBank Mobile Corp, Japan
44090|SoftBank Mobile Corp, Japan
44165|SoftBank Mobile Corp, Japan
44092|SoftBank Mobile Corp, Japan
44098|SoftBank Mobile Corp, Japan
44043|SoftBank Mobile Corp, Japan
44093|SoftBank Mobile Corp, Japan
44048|SoftBank Mobile Corp, Japan
44006|SoftBank Mobile Corp, Japan
44161|SoftBank Mobile Corp, Japan
44044|SoftBank Mobile Corp, Japan
44094|SoftBank Mobile Corp, Japan
44004|SoftBank Mobile Corp, Japan
44085|KDDI Corporation, Japan
44083|KDDI Corporation, Japan
44086|KDDI Corporation, Japan
44081|KDDI Corporation, Japan
44080|KDDI Corporation, Japan
44084|KDDI Corporation, Japan
44082|KDDI Corporation, Japan
41677|Orange/Petra, Jordan
41603|Umniah Mobile Co., Jordan
41602|Xpress, Jordan
41601|ZAIN /J.M.T.S, Jordan
40101|Beeline/KaR-Tel LLP, Kazakhstan
40107|Dalacom/Altel, Kazakhstan
40102|K-Cell, Kazakhstan
40177|Tele2/NEO/MTS, Kazakhstan
63905|Econet Wireless, Kenya
63907|Orange, Kenya
63902|Safaricom Ltd., Kenya
63903|Airtel/Zain/Celtel Ltd., Kenya
54509|Kiribati Frigate, Kiribati
467193|Sun Net, Korea N., Dem. People's Rep.
45002|KT Freetel Co. Ltd., Korea S, Republic of
45004|KT Freetel Co. Ltd., Korea S, Republic of
45008|KT Freetel Co. Ltd., Korea S, Republic of
45006|LG Telecom, Korea S, Republic of
45003|SK Telecom, Korea S, Republic of
45005|SK Telecom Co. Ltd, Korea S, Republic of
41904|Viva, Kuwait
41903|Wataniya, Kuwait
41902|Zain, Kuwait
43703|AkTel LLC, Kyrgyzstan
43701|Beeline/Bitel, Kyrgyzstan
43705|MEGACOM, Kyrgyzstan
43709|O!/NUR Telecom, Kyrgyzstan
45702|ETL Mobile, Laos P.D.R.
45701|Lao Tel, Laos P.D.R.
45708|Beeline/Tigo/Millicom, Laos P.D.R.
45703|UNITEL/LAT, Laos P.D.R.
24705|Bite, Latvia
24701|Latvian Mobile Phone, Latvia
24709|SIA Camel Mobile, Latvia
24708|SIA IZZI, Latvia
24707|SIA Master Telecom, Latvia
24706|SIA Rigatta, Latvia
24702|Tele2, Latvia
24703|TRIATEL/Telekom Baltija, Latvia
41535|Cellis, Lebanon
41533|Cellis, Lebanon
41532|Cellis, Lebanon
41534|FTML Cellis, Lebanon
41539|MIC2/LibanCell/MTC, Lebanon
41538|MIC2/LibanCell/MTC, Lebanon
41537|MIC2/LibanCell/MTC, Lebanon
41501|MIC1 (Alfa), Lebanon
41503|MIC2/LibanCell/MTC, Lebanon
41536|MIC2/LibanCell/MTC, Lebanon
65102|Econet/Ezi-cel, Lesotho
65101|Vodacom Lesotho, Lesotho
61807|CELLCOM, Liberia
61804|Comium BVI, Liberia
61802|Libercell, Liberia
61820|LibTelco, Liberia
61801|Lonestar, Liberia
60602|Al-Madar, Libya
60601|Al-Madar, Libya
60606|Hatef, Libya
60600|Libyana, Libya
60603|Libyana, Libya
29506|CUBIC (Liechtenstein, Liechtenstein
29507|First Mobile AG, Liechtenstein
29502|Orange, Liechtenstein
29501|Swisscom FL AG, Liechtenstein
29577|Alpmobile/Tele2, Liechtenstein
29505|Telecom FL1 AG, Liechtenstein
24602|Bite, Lithuania
24601|Omnitel, Lithuania
24603|Tele2, Lithuania
27077|Millicom Tango GSM, Luxembourg
27001|P+T/Post LUXGSM, Luxembourg
27099|Orange/VOXmobile S.A., Luxembourg
45504|C.T.M. TELEMOVEL+, Macao, China
45501|C.T.M. TELEMOVEL+, Macao, China
45502|China Telecom, Macao, China
45503|Hutchison Telephone Co. Ltd, Macao, China
45505|Hutchison Telephone Co. Ltd, Macao, China
45506|Smartone Mobile, Macao, China
45500|Smartone Mobile, Macao, China
29475|ONE/Cosmofone, Macedonia
29402|ONE/Cosmofone, Macedonia
29401|T-Mobile/Mobimak, Macedonia
29403|VIP Mobile, Macedonia
64601|Airtel/MADACOM, Madagascar
64602|Orange/Soci, Madagascar
64603|Sacel, Madagascar
64604|Telma, Madagascar
65001|TNM/Telekom Network Ltd., Malawi
65010|Airtel/Zain/Celtel ltd., Malawi
50201|Art900, Malaysia
502151|Baraka Telecom Sdn Bhd, Malaysia
502198|CelCom, Malaysia
50219|CelCom, Malaysia
50213|CelCom, Malaysia
50210|Digi Telecommunications, Malaysia
50216|Digi Telecommunications, Malaysia
50220|Electcoms Wireless Sdn Bhd, Malaysia
50212|Maxis, Malaysia
50217|Maxis, Malaysia
50211|MTX Utara, Malaysia
502153|Webe/Packet One Networks (Malaysia) Sdn Bhd, Malaysia
502155|Samata Communications Sdn Bhd, Malaysia
502154|Tron/Talk Focus Sdn Bhd, Malaysia
50218|U Mobile, Malaysia
502195|XOX Com Sdn Bhd, Malaysia
502152|YES, Malaysia
47201|Dhiraagu/C&W, Maldives
47202|Ooredo/Wataniya, Maldives
61001|Malitel, Mali
61002|Orange/IKATEL, Mali
27821|GO Mobile, Malta
27877|Melita, Malta
27801|Vodafone, Malta
34012|UTS Caraibe, Martinique (French Department of)
60902|Chinguitel SA, Mauritania
60901|Mattel, Mauritania
60910|Mauritel, Mauritania
61710|Emtel Ltd, Mauritius
61703|Mahanagar Telephone, Mauritius
61702|Mahanagar Telephone, Mauritius
61701|Orange/Cellplus, Mauritius
33404|AT&T/IUSACell, Mexico
33450|AT&T/IUSACell, Mexico
33450|AT&T/IUSACell, Mexico
33440|AT&T/IUSACell, Mexico
33430|Movistar/Pegaso, Mexico
33403|Movistar/Pegaso, Mexico
33490|NEXTEL, Mexico
33410|NEXTEL, Mexico
33409|NEXTEL, Mexico
33401|NEXTEL, Mexico
33480|Operadora Unefon SA de CV, Mexico
33470|Operadora Unefon SA de CV, Mexico
33460|SAI PCS, Mexico
33420|TelCel/America Movil, Mexico
33402|TelCel/America Movil, Mexico
55001|FSM Telecom, Micronesia
25904|Eventis Mobile, Moldova
25903|IDC/Unite, Moldova
25905|IDC/Unite, Moldova
25999|IDC/Unite, Moldova
25902|Moldcell, Moldova
25901|Orange/Voxtel, Moldova
21210|Monaco Telecom, Monaco
21201|Monaco Telecom, Monaco
42898|G-Mobile Corporation Ltd, Mongolia
42899|Mobicom, Mongolia
42800|Skytel Co. Ltd, Mongolia
42891|Skytel Co. Ltd, Mongolia
42888|Unitel, Mongolia
29702|Monet/T-mobile, Montenegro
29703|Mtel, Montenegro
29701|Telenor/Promonte GSM, Montenegro
354860|Cable & Wireless, Montserrat
60401|IAM/Itissallat, Morocco
60402|INWI/WANA, Morocco
60400|Medi Telecom, Morocco
64301|mCel, Mozambique
64303|Movitel, Mozambique
64304|Vodacom, Mozambique
41401|Myanmar Post & Teleco., Myanmar (Burma)
41405|Oreedoo, Myanmar (Burma)
41406|Telenor, Myanmar (Burma)
64903|Leo / Orascom, Namibia
64901|MTC, Namibia
64902|Switch/Nam. Telec., Namibia
42902|Ncell, Nepal
42901|NT Mobile / Namaste, Nepal
42904|Smart Cell, Nepal
20414|6GMOBILE BV, Netherlands
20423|Aspider Solutions, Netherlands
20405|Elephant Talk Communications Premium Rate Services Netherlands BV, Netherlands
20417|Intercity Mobile Communications BV, Netherlands
20410|KPN Telecom B.V., Netherlands
20408|KPN Telecom B.V., Netherlands
20469|KPN Telecom B.V., Netherlands
20412|KPN/Telfort, Netherlands
20428|Lancelot BV, Netherlands
20409|Lycamobile Ltd, Netherlands
20406|Mundio/Vectone Mobile, Netherlands
20421|NS Railinfrabeheer B.V., Netherlands
20424|Private Mobility Nederland BV, Netherlands
20498|T-Mobile B.V., Netherlands
20416|T-Mobile B.V., Netherlands
20420|T-mobile/former Orange, Netherlands
20402|Tele2, Netherlands
20407|Teleena Holding BV, Netherlands
20468|Unify Mobile, Netherlands
20418|UPC Nederland BV, Netherlands
20404|Vodafone Libertel, Netherlands
20403|Voiceworks Mobile BV, Netherlands
20415|Ziggo BV, Netherlands
362630|Cingular Wireless, Netherlands Antilles
36251|TELCELL GSM, Netherlands Antilles
36291|SETEL GSM, Netherlands Antilles
362951|UTS Wireless, Netherlands Antilles
54601|OPT Mobilis, New Caledonia
53028|2degrees, New Zealand
53005|Spark/NZ Telecom, New Zealand
53002|Spark/NZ Telecom, New Zealand
53004|Telstra, New Zealand
53024|Two Degrees Mobile Ltd, New Zealand
53001|Vodafone, New Zealand
53003|Walker Wireless Ltd., New Zealand
71021|Empresa Nicaraguense de Telecomunicaciones SA (ENITEL), Nicaragua
71030|Movistar, Nicaragua
71073|Claro, Nicaragua
61403|MOOV/TeleCel, Niger
61404|Orange/Sahelc., Niger
61401|Orange/Sahelc., Niger
61402|Airtel/Zain/CelTel, Niger
62120|Airtel/ZAIN/Econet, Nigeria
62160|ETISALAT, Nigeria
62150|Glo Mobile, Nigeria
62140|M-Tel/Nigeria Telecom. Ltd., Nigeria
62130|MTN, Nigeria
62199|Starcomms, Nigeria
62101|Visafone, Nigeria
62125|Visafone, Nigeria
55501|Niue Telecom, Niue
24209|Com4 AS, Norway
24214|ICE Nordisk Mobiltelefon AS, Norway
24221|Jernbaneverket (GSM-R), Norway
24220|Jernbaneverket (GSM-R), Norway
24223|Lycamobile Ltd, Norway
24202|Netcom, Norway
24205|Network Norway AS, Norway
24222|Network Norway AS, Norway
24206|ICE Nordisk Mobiltelefon AS, Norway
24208|TDC Mobil A/S, Norway
24204|Tele2, Norway
24212|Telenor, Norway
24201|Telenor, Norway
24203|Teletopia, Norway
24217|Ventelo AS, Norway
24207|Ventelo AS, Norway
42203|Nawras, Oman
42202|Oman Mobile/GTO, Oman
41008|Instaphone, Pakistan
41001|Mobilink, Pakistan
41006|Telenor, Pakistan
41003|UFONE/PAKTel, Pakistan
41007|Warid Telecom, Pakistan
41004|ZONG/CMPak, Pakistan
55280|Palau Mobile Corp. (PMC) (Palau, Palau (Republic of)
55201|Palau National Communications Corp. (PNCC) (Palau, Palau (Republic of)
42505|Jawwal, Palestinian Territory
42506|Wataniya Mobile, Palestinian Territory
71401|Cable & W./Mas Movil, Panama
71403|Claro, Panama
71404|Digicel, Panama
71420|Movistar, Panama
71402|Movistar, Panama
53703|Digicel, Papua New Guinea
53702|GreenCom PNG Ltd, Papua New Guinea
53701|Pacific Mobile, Papua New Guinea
74402|Claro/Hutchison, Paraguay
74403|Compa, Paraguay
74401|Hola/VOX, Paraguay
74405|TIM/Nucleo/Personal, Paraguay
74404|Tigo/Telecel, Paraguay
71620|Claro /Amer.Mov./TIM, Peru
71610|Claro /Amer.Mov./TIM, Peru
71602|GlobalStar, Peru
71601|GlobalStar, Peru
71606|Movistar, Peru
71607|Nextel, Peru
71617|Nextel, Peru
71615|Viettel Mobile, Peru
51500|Fix Line, Philippines
51502|Globe Telecom, Philippines
51501|Globe Telecom, Philippines
51588|Next Mobile, Philippines
51518|RED Mobile/Cure, Philippines
51503|Smart, Philippines
51505|SUN/Digitel, Philippines
26017|Aero2 SP., Poland
26018|AMD Telecom., Poland
26038|CallFreedom Sp. z o.o., Poland
26012|Cyfrowy POLSAT S.A., Poland
26008|e-Telko, Poland
26009|Lycamobile, Poland
26016|Mobyland, Poland
26036|Mundio Mobile Sp. z o.o., Poland
26007|Play/P4, Poland
26011|NORDISK Polska, Poland
26005|Orange/IDEA/Centertel, Poland
26003|Orange/IDEA/Centertel, Poland
26035|PKP Polskie Linie Kolejowe S.A., Poland
26098|Play/P4, Poland
26006|Play/P4, Poland
26001|Polkomtel/Plus, Poland
26014|Sferia, Poland
26013|Sferia, Poland
26010|Sferia, Poland
26034|T-Mobile/ERA, Poland
26002|T-Mobile/ERA, Poland
26015|Tele2, Poland
26004|Tele2, Poland
26804|Lycamobile, Portugal
26807|NOS/Optimus, Portugal
26803|NOS/Optimus, Portugal
26806|MEO/TMN, Portugal
26801|Vodafone, Portugal
33011|Puerto Rico Telephone Company Inc. (PRTC), Puerto Rico
330110|Puerto Rico Telephone Company Inc. (PRTC), Puerto Rico
42701|Ooredoo/Qtel, Qatar
42702|Vodafone, Qatar
64700|Orange, Reunion
64702|Outremer Telecom, Reunion
64710|SFR, Reunion
22603|Cosmote, Romania
22611|Enigma Systems, Romania
22616|Lycamobile, Romania
22610|Orange, Romania
22605|RCS&RDS Digi Mobile, Romania
22602|Romtelecom SA, Romania
22606|Telemobil/Zapp, Romania
22601|Vodafone, Romania
22604|Telemobil/Zapp, Romania
22605|RCS&RDS Digi Mobile, Romania
22602|Romtelecom SA, Romania
22606|Telemobil/Zapp, Romania
22601|Vodafone, Romania
22604|Telemobil/Zapp, Romania
25012|Baykal Westcom, Russian Federation
25028|BeeLine/VimpelCom, Russian Federation
25010|DTC/Don Telecom, Russian Federation
25013|Kuban GSM, Russian Federation
25035|MOTIV/LLC Ekaterinburg-2000, Russian Federation
25002|Megafon, Russian Federation
25002|Megafon, Russian Federation
25001|MTS, Russian Federation
25002|Megafon, Russian Federation
25001|MTS, Russian Federation
25003|NCC, Russian Federation
25003|NCC, Russian Federation
25016|NTC, Russian Federation
25019|OJSC Altaysvyaz, Russian Federation
25011|Orensot, Russian Federation
25092|Printelefone, Russian Federation
25004|Sibchallenge, Russian Federation
25044|StavTelesot, Russian Federation
25020|Tele2/ECC/Volgogr., Russian Federation
25093|Telecom XXL, Russian Federation
25039|UralTel, Russian Federation
25017|UralTel, Russian Federation
25099|BeeLine/VimpelCom, Russian Federation
25005|Yenisey Telecom, Russian Federation
25015|ZAO SMARTS, Russian Federation
25007|ZAO SMARTS, Russian Federation
63514|Airtel, Rwanda
63510|MTN/Rwandacell, Rwanda
63513|TIGO, Rwanda
356110|Cable & Wireless, Saint Kitts and Nevis
35650|Digicel, Saint Kitts and Nevis
35670|UTS Cariglobe, Saint Kitts and Nevis
358110|Cable & Wireless, Saint Lucia
35830|Cingular Wireless, Saint Lucia
35850|Digicel (St Lucia) Limited, Saint Lucia
54927|Samoatel Mobile, Samoa
54901|Telecom Samoa Cellular Ltd., Samoa
29201|Prima Telecom, San Marino
62601|CSTmovel, Sao Tome & Principe
90114|AeroMobile, Satellite Networks
90111|InMarSAT, Satellite Networks
90112|Maritime Communications Partner AS, Satellite Networks
90105|Thuraya Satellite, Satellite Networks
42007|Zain, Saudi Arabia
42003|Etihad/Etisalat/Mobily, Saudi Arabia
42006|Lebara Mobile, Saudi Arabia
42001|STC/Al Jawal, Saudi Arabia
42005|Virgin Mobile, Saudi Arabia
42004|Zain, Saudi Arabia
60803|Expresso/Sudatel, Senegal
60801|Orange/Sonatel, Senegal
60802|TIGO/Sentel GSM, Senegal
22003|MTS/Telekom Srbija, Serbia
22001|Telenor/Mobtel, Serbia
22002|Telenor/Mobtel, Serbia
22005|VIP Mobile, Serbia
63310|Airtel, Seychelles
63301|C&W, Seychelles
63302|Smartcom, Seychelles
61903|Africel, Sierra Leone
61901|Airtel/Zain/Celtel, Sierra Leone
61904|Comium, Sierra Leone
61905|Africel, Sierra Leone
61902|Tigo/Millicom, Sierra Leone
61925|Mobitel, Sierra Leone
52512|GRID Communications Pte Ltd, Singapore
52503|MobileOne Ltd, Singapore
52507|Singtel, Singapore
52502|Singtel, Singapore
52501|Singtel, Singapore
52506|Starhub, Singapore
52505|Starhub, Singapore
23103|4Ka, Slovakia
23106|O2, Slovakia
23101|Orange, Slovakia
23105|Orange, Slovakia
23115|Orange, Slovakia
23102|T-Mobile, Slovakia
23104|T-Mobile, Slovakia
23199|Zeleznice Slovenskej republiky (ZSR), Slovakia
29341|Mobitel, Slovenia
29340|SI.Mobil, Slovenia
29310|Slovenske zeleznice d.o.o., Slovenia
29364|T-2 d.o.o., Slovenia
29370|Telemach/TusMobil/VEGA, Slovenia
54002|bemobile, Solomon Islands
54010|BREEZE, Solomon Islands
54001|BREEZE, Solomon Islands
63730|Golis, Somalia
63719|HorTel, Somalia
63760|Nationlink, Somalia
63710|Nationlink, Somalia
63704|Somafone, Somalia
63782|Somtel, Somalia
63771|Somtel, Somalia
63701|Telesom, Somalia
65502|8.ta, South Africa
65521|Cape Town Metropolitan, South Africa
65507|Cell C, South Africa
65512|MTN, South Africa
65510|MTN, South Africa
65506|Sentech, South Africa
65501|Vodacom, South Africa
65519|Wireless Business Solutions (Pty) Ltd, South Africa
65903|Gemtel Ltd (South Sudan, South Sudan (Republic of)
65902|MTN South Sudan (South Sudan, South Sudan (Republic of)
65904|Network of The World Ltd (NOW) (South Sudan, South Sudan (Republic of)
65906|Zain South Sudan (South Sudan, South Sudan (Republic of)
21423|Lycamobile SL, Spain
21422|Digi Spain Telecom SL, Spain
21415|BT Espana SAU, Spain
21418|Cableuropa SAU (ONO), Spain
21408|Euskaltel SA, Spain
21420|fonYou Wireless SL, Spain
21432|ION Mobile, Spain
21421|Jazz Telecom SAU, Spain
21426|Lleida, Spain
21425|Lycamobile SL, Spain
21407|Movistar, Spain
21405|Movistar, Spain
21409|Orange, Spain
21403|Orange, Spain
21411|Orange, Spain
21417|R Cable y Telec. Galicia SA, Spain
21419|Simyo/KPN, Spain
21416|Telecable de Asturias SA, Spain
21427|Truphone, Spain
21401|Vodafone, Spain
21406|Vodafone Enabler Espana SL, Spain
21404|Yoigo, Spain
41305|Airtel, Sri Lanka
41303|Etisalat/Tigo, Sri Lanka
41308|H3G Hutchison, Sri Lanka
41301|Mobitel Ltd., Sri Lanka
41302|MTN/Dialog, Sri Lanka
30801|Ameris, St. Pierre & Miquelon
360110|C & W, St. Vincent & Gren.
360100|Cingular, St. Vincent & Gren.
36010|Cingular, St. Vincent & Gren.
36050|Digicel, St. Vincent & Gren.
36070|Digicel, St. Vincent & Gren.
63400|Canar Telecom, Sudan
63422|MTN, Sudan
63402|MTN, Sudan
63407|Sudani One, Sudan
63415|Sudani One, Sudan
63408|Vivacell, Sudan
63405|Vivacell, Sudan
63401|ZAIN/Mobitel, Sudan
63406|ZAIN/Mobitel, Sudan
74603|Digicel, Suriname
74601|Telesur, Suriname
74602|Telecommunicatiebedrijf Suriname (TELESUR), Suriname
74604|UNIQA, Suriname
65310|Swazi MTN, Swaziland
65301|SwaziTelecom, Swaziland
24035|42 Telecom AB, Sweden
24016|42 Telecom AB, Sweden
24026|Beepsend, Sweden
24030|NextGen Mobile Ltd (CardBoardFish), Sweden
24028|CoolTEL Aps, Sweden
24025|Digitel Mobile Srl, Sweden
24022|Eu Tel AB, Sweden
24027|Fogg Mobile AB, Sweden
24018|Generic Mobile Systems Sweden AB, Sweden
24017|Gotalandsnatet AB, Sweden
24004|H3G Access AB, Sweden
24002|H3G Access AB, Sweden
24036|ID Mobile, Sweden
24023|Infobip Ltd., Sweden
24011|Lindholmen Science Park AB, Sweden
24012|Lycamobile Ltd, Sweden
24029|Mercury International Carrier Services, Sweden
24019|Mundio Mobile (Sweden) Ltd, Sweden
24010|Spring Mobil AB, Sweden
24005|Svenska UMTS-N, Sweden
24014|TDC Sverige AB, Sweden
24007|Tele2 Sverige AB, Sweden
24008|Telenor (Vodafone), Sweden
24006|Telenor (Vodafone), Sweden
24024|Telenor (Vodafone), Sweden
24001|Telia Mobile, Sweden
24013|Ventelo Sverige AB, Sweden
24020|Wireless Maingate AB, Sweden
24015|Wireless Maingate Nordic AB, Sweden
22851|BebbiCell AG, Switzerland
22809|Comfone AG, Switzerland
22805|Comfone AG, Switzerland
22807|TDC Sunrise, Switzerland
22854|Lycamobile AG, Switzerland
22852|Mundio Mobile AG, Switzerland
22803|Salt/Orange, Switzerland
22801|Swisscom, Switzerland
22812|TDC Sunrise, Switzerland
22802|TDC Sunrise, Switzerland
22808|TDC Sunrise, Switzerland
22853|upc cablecom GmbH, Switzerland
41702|MTN/Spacetel, Syrian Arab Republic
41709|Syriatel Holdings, Syrian Arab Republic
41701|Syriatel Holdings, Syrian Arab Republic
46668|ACeS Taiwan - ACeS Taiwan Telecommunications Co Ltd, Taiwan
46605|Asia Pacific Telecom Co. Ltd (APT), Taiwan
46611|Chunghwa Telecom LDM, Taiwan
46692|Chunghwa Telecom LDM, Taiwan
46607|Far EasTone, Taiwan
46601|Far EasTone, Taiwan
46606|Far EasTone, Taiwan
46602|Far EasTone, Taiwan
46603|Far EasTone, Taiwan
46610|Global Mobile Corp., Taiwan
46656|International Telecom Co. Ltd (FITEL), Taiwan
46688|KG Telecom, Taiwan
46699|TransAsia, Taiwan
46697|Taiwan Cellular, Taiwan
46693|Mobitai, Taiwan
46689|T-Star/VIBO, Taiwan
46609|VMAX Telecom Co. Ltd, Taiwan
43604|Babilon-M, Tajikistan
43605|Bee Line, Tajikistan
43602|CJSC Indigo Tajikistan, Tajikistan
43612|Tcell/JC Somoncom, Tajikistan
43603|MLT/TT mobile, Tajikistan
43601|Tcell/JC Somoncom, Tajikistan
64008|Benson Informatics Ltd, Tanzania
64006|Dovetel (T) Ltd, Tanzania
64009|Halotel/Viettel Ltd, Tanzania
64011|Smile Communications Tanzania Ltd, Tanzania
64007|Tanzania Telecommunications Company Ltd (TTCL), Tanzania
64002|TIGO/MIC, Tanzania
64001|Tri Telecomm. Ltd., Tanzania
64004|Vodacom Ltd, Tanzania
64005|Airtel/ZAIN/Celtel, Tanzania
64003|Zantel/Zanzibar Telecom, Tanzania
52020|ACeS Thailand - ACeS Regional Services Co Ltd, Thailand
52015|ACT Mobile, Thailand
52003|Advanced Wireless Networks/AWN, Thailand
52001|AIS/Advanced Info Service, Thailand
52023|Digital Phone Co., Thailand
52000|Hutch/CAT CDMA, Thailand
52018|Total Access (DTAC), Thailand
52005|Total Access (DTAC), Thailand
52004|True Move/Orange, Thailand
52099|True Move/Orange, Thailand
51401|Telin/ Telkomcel, Timor-Leste
51402|Timor Telecom, Timor-Leste
61502|Telecel/MOOV, Togo
61503|Telecel/MOOV, Togo
61501|Togo Telecom/TogoCELL, Togo
53943|Shoreline Communication, Tonga
53901|Tonga Communications, Tonga
374120|Bmobile/TSTT, Trinidad and Tobago
37412|Bmobile/TSTT, Trinidad and Tobago
374130|Digicel, Trinidad and Tobago
374140|LaqTel Ltd., Trinidad and Tobago
60501|Orange, Tunisia
60503|Oreedo/Orascom, Tunisia
60502|TuniCell/Tunisia Telecom, Tunisia
60506|TuniCell/Tunisia Telecom, Tunisia
28604|AVEA/Aria, Turkey
28603|AVEA/Aria, Turkey
28601|Turkcell, Turkey
28602|Vodafone-Telsim, Turkey
43801|MTS/Barash Communication, Turkmenistan
43802|Altyn Asyr/TM-Cell, Turkmenistan
376350|Cable & Wireless (TCI) Ltd, Turks and Caicos Islands
37650|Digicel TCI Ltd, Turks and Caicos Islands
376352|IslandCom Communications Ltd., Turks and Caicos Islands
55301|Tuvalu Telecommunication Corporation (TTC), Tuvalu
64101|Airtel/Celtel, Uganda
64166|i-Tel Ltd, Uganda
64130|K2 Telecom Ltd, Uganda
64110|MTN Ltd., Uganda
64114|Orange, Uganda
64133|Smile Communications Uganda Ltd, Uganda
64118|Suretelecom Uganda Ltd, Uganda
64111|Uganda Telecom Ltd., Uganda
64122|Airtel/Warid, Uganda
25506|Astelit/LIFE, Ukraine
25505|Golden Telecom, Ukraine
25539|Golden Telecom, Ukraine
25504|Intertelecom Ltd (IT), Ukraine
25567|KyivStar, Ukraine
25503|KyivStar, Ukraine
25521|Telesystems Of Ukraine CJSC (TSU), Ukraine
25507|TriMob LLC, Ukraine
25550|UMC/MTS, Ukraine
25502|Beeline, Ukraine
25501|UMC/MTS, Ukraine
25568|Beeline, Ukraine
42403|DU, United Arab Emirates
43102|Etisalat, United Arab Emirates
42402|Etisalat, United Arab Emirates
43002|Etisalat, United Arab Emirates
23403|Airtel/Vodafone, United Kingdom
23477|BT Group, United Kingdom
23476|BT Group, United Kingdom
23492|Cable and Wireless, United Kingdom
23407|Cable and Wireless, United Kingdom
23436|Cable and Wireless Isle of Man, United Kingdom
23418|Cloud9/wire9 Tel., United Kingdom
23502|Everyth. Ev.wh., United Kingdom
23417|FlexTel, United Kingdom
23455|Guernsey Telecoms, United Kingdom
23414|HaySystems, United Kingdom
23420|H3G Hutchinson, United Kingdom
23494|H3G Hutchinson, United Kingdom
23475|Inquam Telecom Ltd, United Kingdom
23450|Jersey Telecom, United Kingdom
23435|JSC Ingenicum, United Kingdom
23426|Lycamobile, United Kingdom
23458|Manx Telecom, United Kingdom
23401|Mapesbury C. Ltd, United Kingdom
23428|Marthon Telecom, United Kingdom
23410|O2 Ltd., United Kingdom
23402|O2 Ltd., United Kingdom
23411|O2 Ltd., United Kingdom
23408|OnePhone, United Kingdom
23416|Opal Telecom, United Kingdom
23434|Everyth. Ev.wh./Orange, United Kingdom
23433|Everyth. Ev.wh./Orange, United Kingdom
23419|PMN/Teleware, United Kingdom
23412|Railtrack Plc, United Kingdom
23422|Routotelecom, United Kingdom
23457|Sky UK Limited, United Kingdom
23424|Stour Marine, United Kingdom
23437|Synectiv Ltd., United Kingdom
23431|Everyth. Ev.wh./T-Mobile, United Kingdom
23430|Everyth. Ev.wh./T-Mobile, United Kingdom
23432|Everyth. Ev.wh./T-Mobile, United Kingdom
23427|Vodafone, United Kingdom
23409|Tismi, United Kingdom
23425|Truphone, United Kingdom
23451|Jersey Telecom, United Kingdom
23423|Vectofone Mobile Wifi, United Kingdom
23491|Vodafone, United Kingdom
23415|Vodafone, United Kingdom
23478|Wave Telecom Ltd, United Kingdom
31050|, United States
310880|, United States
310850|Aeris Comm. Inc., United States
310640|, United States
310510|Airtel Wireless LLC, United States
310190|Unknown, United States
31290|Allied Wireless Communications Corporation, United States
311130|, United States
310710|Arctic Slope Telephone Association Cooperative Inc., United States
310170|AT&T Wireless Inc., United States
310150|AT&T Wireless Inc., United States
310680|AT&T Wireless Inc., United States
31070|AT&T Wireless Inc., United States
310560|AT&T Wireless Inc., United States
310410|AT&T Wireless Inc., United States
310380|AT&T Wireless Inc., United States
310980|AT&T Wireless Inc., United States
311810|Bluegrass Wireless LLC, United States
311800|Bluegrass Wireless LLC, United States
311440|Bluegrass Wireless LLC, United States
310900|Cable & Communications Corp., United States
311590|California RSA No. 3 Limited Partnership, United States
311500|Cambridge Telephone Company Inc., United States
310830|Caprock Cellular Ltd., United States
311277|Verizon Wireless, United States
311482|Verizon Wireless, United States
310590|Verizon Wireless, United States
311282|Verizon Wireless, United States
311487|Verizon Wireless, United States
311271|Verizon Wireless, United States
311287|Verizon Wireless, United States
311276|Verizon Wireless, United States
311481|Verizon Wireless, United States
31013|Verizon Wireless, United States
311281|Verizon Wireless, United States
311486|Verizon Wireless, United States
311270|Verizon Wireless, United States
311286|Verizon Wireless, United States
311275|Verizon Wireless, United States
311480|Verizon Wireless, United States
31012|Verizon Wireless, United States
311280|Verizon Wireless, United States
311485|Verizon Wireless, United States
311110|Verizon Wireless, United States
311285|Verizon Wireless, United States
311274|Verizon Wireless, United States
311390|Verizon Wireless, United States
31010|Verizon Wireless, United States
311279|Verizon Wireless, United States
311484|Verizon Wireless, United States
310910|Verizon Wireless, United States
311284|Verizon Wireless, United States
311489|Verizon Wireless, United States
311273|Verizon Wireless, United States
311289|Verizon Wireless, United States
31004|Verizon Wireless, United States
311278|Verizon Wireless, United States
311483|Verizon Wireless, United States
310890|Verizon Wireless, United States
311283|Verizon Wireless, United States
311488|Verizon Wireless, United States
311272|Verizon Wireless, United States
311288|Verizon Wireless, United States
312280|Cellular Network Partnership LLC, United States
312270|Cellular Network Partnership LLC, United States
310360|Cellular Network Partnership LLC, United States
311190|VZW, United States
31030|VZW, United States
31003|VZW, United States
311120|Choice Phone LLC, United States
310480|Choice Phone LLC, United States
310630|, United States
310420|Cincinnati Bell Wireless LLC, United States
310180|Cingular Wireless, United States
310620|Coleman County Telco /Trans TX, United States
31140|, United States
31006|Consolidated Telcom, United States
31060|Consolidated Telcom, United States
31026|, United States
310930|, United States
312380|, United States
311240|, United States
31080|, United States
310700|Cross Valliant Cellular Partnership, United States
311140|Cross Wireless Telephone Co., United States
31230|Cross Wireless Telephone Co., United States
311520|, United States
31240|Custer Telephone Cooperative Inc., United States
310440|Dobson Cellular Systems, United States
310990|E.N.M.R. Telephone Coop., United States
312120|East Kentucky Network LLC, United States
310750|East Kentucky Network LLC, United States
312130|East Kentucky Network LLC, United States
31090|Edge Wireless LLC, United States
310610|Elkhart TelCo. / Epic Touch Co., United States
311210|, United States
311311|Farmers, United States
311460|Fisher Wireless Services Inc., United States
311370|GCI Communication Corp., United States
310430|GCI Communication Corp., United States
310920|Get Mobile Inc., United States
310970|, United States
311340|Illinois Valley Cellular RSA 2 Partnership, United States
31130|, United States
312170|Iowa RSA No. 2 Limited Partnership, United States
311410|Iowa RSA No. 2 Limited Partnership, United States
310770|Iowa Wireless Services LLC, United States
310650|Jasper, United States
310870|Kaplan Telephone Company Inc., United States
312180|Keystone Wireless LLC, United States
310690|Keystone Wireless LLC, United States
311310|Lamar County Cellular, United States
31016|Leap Wireless International Inc., United States
31190|, United States
31040|Matanuska Tel. Assn. Inc., United States
310780|Message Express Co. / Airlink PCS, United States
311660|, United States
311330|Michigan Wireless LLC, United States
31100|, United States
310400|Minnesota South. Wirel. Co. / Hickory, United States
31110|Missouri RSA No 5 Partnership, United States
312220|Missouri RSA No 5 Partnership, United States
31210|Missouri RSA No 5 Partnership, United States
311920|Missouri RSA No 5 Partnership, United States
31120|Missouri RSA No 5 Partnership, United States
310350|Mohave Cellular LP, United States
310570|MTPCS LLC, United States
310290|NEP Cellcorp Inc., United States
31034|Nevada Wireless LLC, United States
311380|, United States
310600|New-Cell Inc., United States
311100|, United States
311300|Nexus Communications Inc., United States
310130|North Carolina RSA 3 Cellular Tel. Co., United States
312230|North Dakota Network Company, United States
311610|North Dakota Network Company, United States
310450|Northeast Colorado Cellular Inc., United States
311710|Northeast Wireless Networks LLC, United States
310670|Northstar, United States
31011|Northstar, United States
311420|Northwest Missouri Cellular Limited Partnership, United States
310540|, United States
310760|Panhandle Telephone Cooperative Inc., United States
310580|PCS ONE, United States
311170|PetroCom, United States
311670|Pine Belt Cellular, Inc., United States
31180|, United States
310790|, United States
310100|Plateau Telecommunications Inc., United States
310940|Poka Lambro Telco Ltd., United States
311730|, United States
311540|, United States
310500|Public Service Cellular Inc., United States
312160|RSA 1 Limited Partnership, United States
311430|RSA 1 Limited Partnership, United States
311350|Sagebrush Cellular Inc., United States
311910|, United States
31046|SIMMETRY, United States
311260|SLO Cellular Inc / Cellular One of San Luis, United States
310320|Smith Bagley Inc., United States
31015|Unknown, United States
31611|Southern Communications Services Inc., United States
312530|Sprint Spectrum, United States
311880|Sprint Spectrum, United States
311870|Sprint Spectrum, United States
311490|Sprint Spectrum, United States
310120|Sprint Spectrum, United States
31610|Sprint Spectrum, United States
312190|Sprint Spectrum, United States
310210|T-Mobile, United States
310260|T-Mobile, United States
310200|T-Mobile, United States
310250|T-Mobile, United States
310160|T-Mobile, United States
310240|T-Mobile, United States
310660|T-Mobile, United States
310230|T-Mobile, United States
31031|T-Mobile, United States
310220|T-Mobile, United States
310270|T-Mobile, United States
310300|T-Mobile, United States
310280|T-Mobile, United States
310330|T-Mobile, United States
310800|T-Mobile, United States
310310|T-Mobile, United States
311740|, United States
310740|Telemetrix Inc., United States
31014|Testing, United States
310950|Unknown, United States
310860|Texas RSA 15B2 Limited Partnership, United States
311830|Thumb Cellular Limited Partnership, United States
31150|Thumb Cellular Limited Partnership, United States
310460|TMP Corporation, United States
310490|Triton PCS, United States
310960|Uintah Basin Electronics Telecommunications Inc., United States
312290|Uintah Basin Electronics Telecommunications Inc., United States
311860|Uintah Basin Electronics Telecommunications Inc., United States
31020|Union Telephone Co., United States
311220|United States Cellular Corp., United States
310730|United States Cellular Corp., United States
311650|United Wireless Communications Inc., United States
31038|USA 3650 AT&T, United States
310520|VeriSign, United States
31003|Unknown, United States
31023|Unknown, United States
31024|Unknown, United States
31025|Unknown, United States
310530|West Virginia Wireless, United States
31026|Unknown, United States
310340|Westlink Communications, LLC, United States
311150|, United States
31170|Wisconsin RSA #7 Limited Partnership, United States
310390|Yorkville Telephone Cooperative, United States
74801|Ancel/Antel, Uruguay
74803|Ancel/Antel, Uruguay
74810|Claro/AM Wireless, Uruguay
74807|MOVISTAR, Uruguay
43404|Bee Line/Unitel, Uzbekistan
43401|Buztel, Uzbekistan
43407|MTS/Uzdunrobita, Uzbekistan
43405|Ucell/Coscom, Uzbekistan
43402|Uzmacom, Uzbekistan
54105|DigiCel, Vanuatu
54101|SMILE, Vanuatu
73403|DigiTel C.A., Venezuela
73402|DigiTel C.A., Venezuela
73401|DigiTel C.A., Venezuela
73406|Movilnet C.A., Venezuela
73404|Movistar/TelCel, Venezuela
45207|Beeline, Viet Nam
45201|Mobifone, Viet Nam
45203|S-Fone/Telecom, Viet Nam
45205|VietnaMobile, Viet Nam
45208|Viettel Mobile, Viet Nam
45206|Viettel Mobile, Viet Nam
45204|Viettel Mobile, Viet Nam
45202|Vinaphone, Viet Nam
37650|Digicel, Virgin Islands, U.S.
42104|HITS/Y Unitel, Yemen
42102|MTN/Spacetel, Yemen
42101|Sabaphone, Yemen
42103|Yemen Mob. CDMA, Yemen
64503|Zamtel/Cell Z/MTS, Zambia
64502|MTN/Telecel, Zambia
64501|Airtel/Zain/Celtel, Zambia
64804|Econet, Zimbabwe
64801|Net One, Zimbabwe
64803|Telecel, Zimbabwe
